word,chord,reserved_chord,type,alt1,alt2,alt3
the,t,,DET,,,
be,,,AUX,,,
and,a,,CCONJ,,,
a,,,DET,,,
you,y,,PRON,,,
it,,,PRON,,,
have,h,,VERB,has,had,having
I,,,PRON,,,
he,,,PRON,,,
that,th,,SCONJ,,,
or,,,CCONJ,,,
your,yr,,PRON,,,
that,,,PRON,,,
his,hi,,PRON,,,
an,,,DET,,,
can,c,,AUX,,,
but,b,,CCONJ,,,
will,w,,AUX,,,
they,te,,PRON,,,
this,ti,,DET,,,
do,,,AUX,,,
which,wh,,PRON,,,
if,,,SCONJ,,,
we,,,PRON,,,
be,,,VERB,is,was,being
say,s,,VERB,says,said,saying
make,m,,VERB,makes,made,making
their,tr,,PRON,,,
also,as,,ADV,,,
use,u,,VERB,uses,used,using
when,we,,SCONJ,,,
as,,,SCONJ,,,
her,he,,PRON,,,
time,tm,,NOUN,times,,
do,,,VERB,does,did,doing
who,wo,,PRON,,,
she,sh,,PRON,,,
other,o,,ADJ,,,
take,ta,,VERB,takes,took,taking
would,wu,,AUX,,,
get,g,,VERB,gets,got,getting
go,,,VERB,goes,went,going
so,,,ADV,,,
them,the,,PRON,,,
this,,,PRON,,,
good,gd,,ADJ,,,
people,p,,NOUN,peoples,,
see,se,,VERB,sees,saw,seeing
know,k,,VERB,knows,knew,knowing
year,ya,,NOUN,years,,
my,,,PRON,,,
its,i,,PRON,,,
him,hm,,PRON,,,
more,me,,ADV,,,
all,al,,PRON,,,
some,so,,DET,,,
there,thr,,PRON,,,
then,tn,,ADV,,,
where,whe,,SCONJ,,,
think,tk,,VERB,thinks,thought,thinking
come,ce,,VERB,comes,came,coming
what,wa,,PRON,,,
may,ma,,AUX,,,
find,f,,VERB,finds,found,finding
these,ths,,DET,,,
how,ho,,SCONJ,,,
no,,,DET,,,
could,co,,AUX,,,
our,or,,PRON,,,
first,ft,,ADJ,,,
very,v,,ADV,,,
include,ie,,VERB,includes,included,including
only,on,,ADV,,,
day,d,,NOUN,days,,
way,wy,,NOUN,ways,,
just,j,,ADV,,,
as,,,ADV,,,
give,ge,,VERB,gives,gave,giving
such,sc,,ADJ,,,
me,,,PRON,,,
many,mn,,ADJ,,,
should,su,,AUX,,,
any,an,,DET,,,
that,,,DET,,,
want,wt,,VERB,wants,wanted,wanting
well,wl,,ADV,,,
area,ae,,NOUN,areas,,
need,n,,VERB,needs,needed,needing
most,ms,,ADV,,,
city,ct,,NOUN,cities,,
all,,,DET,,,
image,ia,,NOUN,images,,
look,l,,VERB,looks,looked,looking
high,hg,,ADJ,,,
There,,,PRON,,,
now,nw,,ADV,,,
new,ne,,ADJ,,,
man,man,,NOUN,men,,
life,li,,NOUN,lives,,
while,wi,,SCONJ,,,
because,be,,SCONJ,,,
thing,thi,,NOUN,things,,
of,,,SCONJ,,,
become,bo,,VERB,becomes,became,becoming
however,hr,,ADV,,,
part,pa,,NOUN,parts,,
great,ga,,ADJ,,,
work,wk,,VERB,works,worked,working
show,sw,,VERB,shows,showed,showing
work,,,NOUN,works,,
large,lae,,ADJ,,,
small,sl,,ADJ,,,
country,cn,,NOUN,countries,,
by,,,SCONJ,,,
even,e,,ADV,,,
study,sd,,NOUN,studies,,
follow,fo,,VERB,follows,followed,following
in,,,SCONJ,,,
system,ste,,NOUN,systems,,
different,de,,ADJ,,,
leave,lv,,VERB,leaves,leaved,leaving
place,pe,,NOUN,places,,
try,ty,,VERB,tries,tried,trying
help,hl,,VERB,helps,helped,helping
run,r,,VERB,runs,ran,running
more,,,ADJ,,,
child,ch,,NOUN,children,,
same,sae,,ADJ,,,
number,nr,,NOUN,numbers,,
old,ol,,ADJ,,,
much,mc,,ADV,,,
call,ca,,VERB,calls,called,calling
tell,tl,,VERB,tells,told,telling
water,wat,,NOUN,water,,
service,si,,NOUN,services,,
town,ton,,NOUN,towns,,
government,gt,,NOUN,governments,,
keep,ke,,VERB,keeps,kept,keeping
here,her,,ADV,,,
family,fa,,NOUN,families,,
still,sti,,ADV,,,
for,fr,,SCONJ,,,
several,sr,,ADJ,,,
feel,fe,,VERB,feels,felt,feeling
start,sta,,VERB,starts,started,starting
ask,ak,,VERB,asks,asked,asking
own,own,,ADJ,,,
back,ba,,ADV,,,
consider,ci,,VERB,considers,considered,considering
name,nae,,NOUN,names,,
there,,,ADV,,,
important,ir,,ADJ,,,
provide,pi,,VERB,provides,provided,providing
each,eah,,DET,,,
step,sp,,NOUN,steps,,
world,wd,,NOUN,worlds,,
What,,,PRON,,,
local,lc,,ADJ,,,
lead,ld,,VERB,leads,led,leading
after,ar,,SCONJ,,,
home,hme,,NOUN,homes,,
before,br,,SCONJ,,,
issue,iu,,NOUN,issues,,
group,gr,,NOUN,groups,,
every,er,,DET,,,
write,wte,,VERB,writes,wrote,writing
most,,,ADJ,,,
last,lat,,ADJ,,,
might,mi,,AUX,,,
few,fw,,ADJ,,,
result,ret,,NOUN,results,,
information,in,,NOUN,information,,
hold,hd,,VERB,holds,held,holding
state,stae,,NOUN,states,,
put,pt,,VERB,puts,put,putting
process,pr,,NOUN,processes,,
food,fd,,NOUN,foods,,
bring,bn,,VERB,brings,brought,bringing
serve,ser,,VERB,serves,served,serving
case,cae,,NOUN,cases,,
level,lev,,NOUN,levels,,
another,ah,,DET,,,
minute,mu,,NOUN,minutes,,
member,mr,,NOUN,members,,
side,sie,,NOUN,sides,,
us,,,PRON,,,
about,ao,,ADV,,,
method,met,,NOUN,methods,,
book,bk,,NOUN,books,,
point,pn,,NOUN,points,,
hand,hn,,NOUN,hands,,
too,to,to,ADV,,,
low,low,,ADJ,,,
car,cr,,NOUN,cars,,
bus,bs,,NOUN,buss,,
woman,woa,,NOUN,women,,
die,di,,VERB,dies,died,dying
hour,hu,,NOUN,hours,,
never,nv,,ADV,,,
must,mst,,AUX,,,
allow,alo,,VERB,allows,allowed,allowing
increase,iea,,VERB,increases,increased,increasing
live,lie,,VERB,lives,lived,living
model,mo,,NOUN,models,,
far,far,,ADV,,,
why,why,,SCONJ,,,
play,py,,VERB,plays,played,playing
party,pat,,NOUN,parties,,
lot,lot,,NOUN,lots,,
something,sn,,NOUN,somethings,,
always,als,,ADV,,,
some,,,PRON,,,
datum,dt,,NOUN,data,,
due,du,,ADJ,,,
second,sec,,ADJ,,,
add,ad,ad,VERB,adds,added,adding
mean,mea,,VERB,means,meant,meaning
base,bae,,VERB,bases,based,basing
line,ln,,NOUN,lines,,
create,cet,,VERB,creates,created,creating
next,net,,ADJ,,,
order,oe,,NOUN,orders,,
main,mai,,ADJ,,,
late,lte,,ADV,,,
problem,po,,NOUN,problems,,
little,lit,,ADJ,,,
really,rea,,ADV,,,
understand,ue,,VERB,understands,understood,understanding
train,tai,,NOUN,trains,,
build,bu,,VERB,builds,built,building
often,ote,,ADV,,,
believe,bl,,VERB,believes,believed,believing
end,end,,NOUN,ends,,
offer,oer,,VERB,offers,offered,offering
dog,do,,NOUN,dogs,,
death,dea,,NOUN,deaths,,
person,pes,,NOUN,people,,
example,ex,,NOUN,examples,,
big,bi,bi,ADJ,,,
other,,,NOUN,others,,
power,per,,NOUN,powers,,
let,le,le,VERB,lets,let,letting
long,lg,,ADJ,,,
continue,cu,,VERB,continues,continued,continuing
site,site,,NOUN,sites,,
long,,,ADV,,,
require,ru,,VERB,requires,required,requiring
house,hse,,NOUN,houses,,
read,rd,,VERB,reads,read,reading
free,fre,,ADJ,,,
both,bt,,DET,,,
choose,che,,VERB,chooses,chose,choosing
begin,bei,,VERB,begins,began,beginning
region,rei,,NOUN,regions,,
set,st,st,VERB,sets,set,setting
seem,sem,,VERB,seems,seemed,seeming
friend,fi,,NOUN,friends,,
again,ain,,ADV,,,
speak,sk,,VERB,speaks,spoke,speaking
effect,eft,,NOUN,effects,,
receive,rec,,VERB,receives,received,receiving
early,eay,,ADJ,,,
community,cit,,NOUN,communities,,
move,mv,,VERB,moves,moved,moving
business,bse,,NOUN,businesses,,
station,sai,,NOUN,stations,,
young,yn,,ADJ,,,
possible,pie,,ADJ,,,
research,rah,,NOUN,research,,
eye,ey,ey,NOUN,eyes,,
change,cha,,NOUN,changes,,
school,sch,,NOUN,schools,,
those,tho,,PRON,,,
turn,tu,,VERB,turns,turned,turning
although,ath,,SCONJ,,,
value,va,,NOUN,values,,
involve,io,,VERB,involves,involved,involving
month,mth,,NOUN,months,,
road,roa,,NOUN,roads,,
talk,tak,,VERB,talks,talked,talking
use,,,NOUN,uses,,
pay,pay,,VERB,pays,payed,paying
those,,,DET,,,
like,lk,,VERB,likes,liked,liking
grow,gw,,VERB,grows,grew,growing
company,cy,,NOUN,companies,,
activity,act,,NOUN,activities,,
develop,dv,,VERB,develops,developed,developing
report,rot,,VERB,reports,reported,reporting
change,,,VERB,changes,changed,changing
night,nht,,NOUN,nights,,
kill,ki,,VERB,kills,killed,killing
head,hed,,NOUN,heads,,
political,pc,,ADJ,,,
available,ave,,ADJ,,,
able,abl,,ADJ,,,
reach,rac,,VERB,reaches,reached,reaching
stand,stn,,VERB,stands,stood,standing
team,tea,,NOUN,teams,,
major,mj,,ADJ,,,
election,eti,,NOUN,elections,,
event,ev,,NOUN,events,,
win,win,,VERB,wins,won,winning
type,tye,,NOUN,types,,
game,gae,,NOUN,games,,
energy,enr,,NOUN,energies,,
right,rih,,NOUN,rights,,
son,son,,NOUN,sons,,
health,heat,,NOUN,healths,,
public,pu,,ADJ,,,
buy,by,,VERB,buys,bought,buying
condition,cd,,NOUN,conditions,,
pass,pas,,VERB,passes,passed,passing
learn,len,,VERB,learns,learnt,learning
development,dn,,NOUN,developments,,
stop,sto,,VERB,stops,stopped,stopping
room,rom,,NOUN,rooms,,
money,my,,NOUN,monies,,
week,wek,,NOUN,weeks,,
least,lst,,ADJ,,,
lose,los,,VERB,loses,lost,losing
yourself,ys,,PRON,,,
cause,cas,,VERB,causes,caused,causing
since,sne,,SCONJ,,,
position,pst,,NOUN,positions,,
return,rtn,,VERB,returns,returned,returning
word,wr,,NOUN,words,,
remain,rai,,VERB,remains,remained,remaining
appear,ape,,VERB,appears,appeared,appearing
close,cls,,ADJ,,,
walk,wak,,VERB,walks,walked,walking
easy,esy,,ADJ,,,
cell,cel,cel,NOUN,cells,,
candidate,cai,,NOUN,candidates,,
paper,par,,NOUN,papers,,
control,ctr,,NOUN,controls,,
question,ctn,ctn,NOUN,questions,,
report,,,NOUN,reports,,
so,,,SCONJ,,,
light,lht,,NOUN,lights,,
boat,bat,,NOUN,boats,,
himself,hie,,PRON,,,
experience,ein,,NOUN,experiences,,
language,lu,,NOUN,languages,,
history,hy,,NOUN,histories,,
ever,evr,,ADV,,,
idea,ide,,NOUN,ideas,,
support,srt,,VERB,supports,supported,supporting
interest,int,,NOUN,interests,,
together,tge,,ADV,,,
law,law,,NOUN,laws,,
describe,des,,VERB,describes,described,describing
whether,wht,,SCONJ,,,
material,mat,,NOUN,materials,,
especially,eci,,ADV,,,
term,trm,,NOUN,terms,,
island,isn,,NOUN,islands,,
happen,han,,VERB,happens,happened,happening
plant,pan,,NOUN,plants,,
apply,aly,,VERB,applies,applied,applying
once,onc,,ADV,,,
accord,aco,,SCONJ,,,
less,les,les,ADV,,,
locate,lca,,VERB,locates,located,locating
role,,,NOUN,roles,,
though,thu,,SCONJ,,,
land,lan,,NOUN,lands,,
first,,,ADV,,,
meet,,,VERB,meets,met,meeting
until,un,,SCONJ,,,
send,snd,,VERB,sends,sent,sending
today,toa,,NOUN,todays,,
cut,cut,,VERB,cuts,cut,cutting
body,bd,,NOUN,bodies,,
animal,ail,,NOUN,animals,,
therefore,thf,,ADV,,,
reduce,reu,,VERB,reduces,reduced,reducing
source,sue,,NOUN,sources,,
relate,rat,,VERB,relates,related,relating
course,cue,,NOUN,courses,,
reason,ras,,NOUN,reasons,,
social,soa,,ADJ,,,
century,cen,,NOUN,centuries,,
project,pj,,NOUN,projects,,
field,fie,,NOUN,fields,,
hear,hear,,VERB,hears,heard,hearing
cover,cv,,VERB,covers,covered,covering
fact,fc,,NOUN,facts,,
interview,iv,,NOUN,interviews,,
improve,ime,,VERB,improves,improved,improving
village,via,,NOUN,villages,,
eat,,,VERB,eats,ate,eating
air,,,NOUN,airs,,
campaign,can,,NOUN,campaigns,,
building,bin,,NOUN,buildings,,
office,oic,,NOUN,offices,,
action,atn,,NOUN,actions,,
current,crn,,ADJ,,,
open,oen,,ADJ,,,
response,rsn,,NOUN,responses,,
rather,rath,,ADV,,,
human,hma,,ADJ,,,
almost,ams,,ADV,,,
goal,go,,NOUN,goals,,
represent,rest,,VERB,represents,represented,representing
market,mk,,NOUN,markets,,
carry,cay,,VERB,carries,carried,carrying
away,awy,,ADV,,,
thus,tus,,ADV,,,
force,fce,,NOUN,forces,,
late,,,ADJ,,,
view,vie,,NOUN,views,,
bear,ber,,VERB,bears,beared,bearing
sit,,,VERB,sits,sat,sitting
performance,pm,,NOUN,performances,,
expect,ext,,VERB,expects,expected,expecting
both,,,CCONJ,,,
perform,pf,,VERB,performs,performed,performing
various,vo,,ADJ,,,
full,fu,,ADJ,,,
factor,fat,,NOUN,factors,,
publish,ph,,VERB,publishes,published,publishing
bad,bad,,ADJ,,,
cost,cst,,NOUN,costs,,
network,nk,,NOUN,networks,,
population,pai,,NOUN,populations,,
yet,,,ADV,,,
marry,mar,,VERB,marries,married,marrying
usually,ua,,ADV,,,
obtain,oti,,VERB,obtains,obtained,obtaining
&,,,CCONJ,,,
period,pri,,NOUN,periods,,
kind,kd,,NOUN,kinds,,
property,pet,,NOUN,properties,,
rate,rate,,NOUN,rates,,
already,ald,,ADV,,,
strong,sg,,ADJ,,,
analysis,ans,,NOUN,analyses,,
face,fae,,NOUN,faces,,
determine,det,,VERB,determines,determined,determining
product,prt,,NOUN,products,,
leader,led,,NOUN,leaders,,
art,,,NOUN,arts,,
support,,,NOUN,supports,,
quality,cau,cau,NOUN,qualities,,
father,fh,,NOUN,fathers,,
media,meia,,NOUN,medias,,
visit,vt,,VERB,visits,visited,visiting
center,cent,,NOUN,centers,,
at,,,ADV,,,
anything,ahi,,NOUN,anythings,,
music,msi,,NOUN,musics,,
form,fm,,NOUN,forms,,
probably,pb,,ADV,,,
court,cot,,NOUN,courts,,
set,,,NOUN,sets,,
spend,spn,,VERB,spends,spent,spending
attack,ack,,NOUN,attacks,,
enter,entr,,VERB,enters,entered,entering
nothing,nhi,,NOUN,nothings,,
job,jb,,NOUN,jobs,,
only,,,ADJ,,,
space,sace,,NOUN,spaces,,
remove,rem,,VERB,removes,removed,removing
war,war,,NOUN,wars,,
suggest,sge,,VERB,suggests,suggested,suggesting
similar,sir,,ADJ,,,
Figure,fg,,NOUN,Figures,,
age,,,NOUN,ages,,
park,pk,,NOUN,parks,,
sure,sur,,ADJ,,,
risk,rk,,NOUN,risks,,
addition,adi,,NOUN,additions,,
website,wes,,NOUN,websites,,
white,whi,,ADJ,,,
produce,pce,,VERB,produces,produced,producing
piece,pic,,NOUN,pieces,,
name,,,VERB,names,named,naming
yes,,,INTJ,,,
international,itr,,ADJ,,,
street,,,NOUN,streets,,
account,aon,,NOUN,accounts,,
military,mit,,ADJ,,,
common,cmn,,ADJ,,,
foot,fot,,NOUN,feet,,
amount,aut,,NOUN,amounts,,
over,ove,,ADV,,,
mother,mhr,,NOUN,mothers,,
national,ntl,,ADJ,,,
tip,tip,,NOUN,tips,,
approach,aoh,,NOUN,approaches,,
daughter,dah,,NOUN,daughters,,
plan,pl,,NOUN,plans,,
present,pen,,VERB,presents,presented,presenting
surface,sf,,NOUN,surfaces,,
airport,aio,,NOUN,airports,,
affect,aect,,VERB,affects,affected,affecting
application,aict,,NOUN,applications,,
enough,enh,,ADV,,,
certain,cri,,ADJ,,,
place,,,VERB,places,placed,placing
patient,ptn,,NOUN,patients,,
article,atie,,NOUN,articles,,
stay,sty,,VERB,stays,stayed,staying
well,,,INTJ,,,
compare,cma,,VERB,compares,compared,comparing
remember,rmb,,VERB,remembers,remembered,remembering
option,oin,,NOUN,options,,
decision,dec,,NOUN,decisions,,
policy,poi,,NOUN,policies,,
right,,,ADJ,,,
identify,iy,,VERB,identifies,identified,identifying
km,,,NOUN,kms,,
former,fme,,ADJ,,,
right,,,ADV,,,
student,std,,NOUN,students,,
form,,,VERB,forms,formed,forming
police,poc,,NOUN,polices,,
girl,gi,,NOUN,girls,,
video,vde,,NOUN,videos,,
difference,din,,NOUN,differences,,
flight,fih,,NOUN,flights,,
soon,,,ADV,,,
fall,fl,,VERB,falls,fell,falling
someone,soe,,NOUN,someones,,
mind,min,,NOUN,minds,,
quite,,,ADV,,,
real,,,ADJ,,,
top,top,,NOUN,tops,,
connect,coe,,VERB,connects,connected,connecting
restaurant,ran,,NOUN,restaurants,,
price,prc,,NOUN,prices,,
little,,,ADV,,,
focus,fcs,,VERB,focuses,focussed,focussing
prepare,prea,,VERB,prepares,prepared,preparing
door,dor,,NOUN,doors,,
environment,evt,,NOUN,environments,,
from,fro,,SCONJ,,,
sometimes,soi,,ADV,,,
break,bra,,VERB,breaks,broke,breaking
popular,poa,,ADJ,,,
open,,,VERB,opens,opened,opening
contain,cni,,VERB,contains,contained,containing
care,care,,NOUN,cares,,
operate,oea,,VERB,operates,operated,operating
ride,rde,,NOUN,rides,,
program,pg,,NOUN,programs,,
route,rut,,NOUN,routes,,
design,dsi,,NOUN,designs,,
relationship,rsh,,NOUN,relationships,,
solution,sli,,NOUN,solutions,,
claim,cli,,VERB,claims,claimed,claiming
need,,,NOUN,needs,,
table,tbe,,NOUN,tables,,
wait,wai,,VERB,waits,waited,waiting
oil,oil,,NOUN,oils,,
short,sho,,ADJ,,,
study,,,VERB,studies,studied,studying
no,,,INTJ,,,
specie,sci,,NOUN,species,,
propose,prs,,VERB,proposes,proposed,proposing
raise,raie,,VERB,raises,raised,raising
church,chr,,NOUN,churches,,
feature,ftr,,NOUN,features,,
watch,wc,,VERB,watches,watched,watching
function,fn,,NOUN,functions,,
these,,,PRON,,,
bit,bit,,NOUN,bits,,
distance,dsa,,NOUN,distances,,
capital,ctl,,NOUN,capitals,,
class,clas,,NOUN,classes,,
state,,,VERB,states,stated,stating
share,sha,,VERB,shares,shared,sharing
temperature,teu,,NOUN,temperatures,,
effort,efo,,NOUN,efforts,,
whole,who,,ADJ,,,
sell,,,VERB,sells,sold,selling
security,scr,,NOUN,securities,,
previous,pis,,ADJ,,,
actually,aty,,ADV,,,
wall,,,NOUN,walls,,
pet,,,NOUN,pets,,
lie,,,VERB,lies,lied,lying
ground,gn,,NOUN,grounds,,
production,pct,,NOUN,productions,,
film,fim,,NOUN,films,,
organization,ori,,NOUN,organizations,,
decide,dci,,VERB,decides,decided,deciding
plan,,,VERB,plans,planned,planning
structure,stce,,NOUN,structures,,
size,,,NOUN,sizes,,
arrive,aive,,VERB,arrives,arrived,arriving
technology,tch,,NOUN,technologies,,
join,ji,,VERB,joins,joined,joining
end,,,VERB,ends,ended,ending
mile,ml,,NOUN,miles,,
on,,,SCONJ,,,
tree,,,NOUN,trees,,
occur,ou,,VERB,occurs,occurred,occurring
summer,smr,,NOUN,summers,,
record,rco,,NOUN,records,,
half,haf,,NOUN,halves,,
drive,div,,VERB,drives,drove,driving
travel,tav,,VERB,travels,travelled,travelling
wife,wie,,NOUN,wives,,
parent,paet,,NOUN,parents,,
specific,sef,,ADJ,,,
career,,,NOUN,careers,,
hard,hrd,,ADJ,,,
moment,men,,NOUN,moments,,
black,bc,,ADJ,,,
enjoy,ej,,VERB,enjoys,enjoyed,enjoying
artist,atis,,NOUN,artists,,
release,reas,,VERB,releases,released,releasing
show,,,NOUN,shows,,
president,pin,,NOUN,presidents,,
location,lin,,NOUN,locations,,
Many,,,ADJ,,,
everything,evh,,NOUN,everythings,,
brother,bh,,NOUN,brethren,,
associate,asie,,VERB,associates,associated,associating
difficult,dit,,ADJ,,,
instead,inte,,ADV,,,
prevent,prn,,VERB,prevents,prevented,preventing
address,ades,,VERB,addresses,addrest,addressing
range,rane,,NOUN,ranges,,
situation,siu,,NOUN,situations,,
significant,snc,,ADJ,,,
industry,iut,,NOUN,industries,,
morning,mg,,NOUN,mornings,,
establish,esth,,VERB,establishes,established,establishing
attention,aten,,NOUN,attentions,,
rule,,,NOUN,rules,,
beach,beh,,NOUN,beaches,,
select,selt,,VERB,selects,selected,selecting
exist,exi,,VERB,exists,existed,existing
avoid,aod,,VERB,avoids,avoided,avoiding
save,sv,,VERB,saves,saved,saving
resource,rso,,NOUN,resources,,
either,eith,,CCONJ,,,
disease,diea,,NOUN,diseases,,
official,ofa,,NOUN,officials,,
note,note,,VERB,notes,noted,noting
store,stor,,NOUN,stores,,
matter,mate,,NOUN,matters,,
such,,,PRON,,,
face,,,VERB,faces,faced,facing
training,tag,,NOUN,trainings,,
centre,cetr,,NOUN,centres,,
traditional,tad,,ADJ,,,
close,,,VERB,closes,closed,closing
particular,pac,,ADJ,,,
love,loe,,VERB,loves,loved,loving
miss,,,VERB,misses,missed,missing
ship,shi,,NOUN,ships,,
result,,,VERB,results,resulted,resulting
likely,ly,,ADJ,,,
trip,trip,,NOUN,trips,,
color,col,,NOUN,colors,,
natural,ntu,,ADJ,,,
statement,stan,,NOUN,statements,,
knowledge,kne,,NOUN,knowledge,,
nation,nati,,NOUN,nations,,
degree,deg,,NOUN,degrees,,
shop,shp,,NOUN,shops,,
border,bde,,NOUN,borders,,
voice,vce,,NOUN,voices,,
opportunity,oy,,NOUN,opportunities,,
regard,reg,,VERB,regards,regarded,regarding
culture,cur,,NOUN,cultures,,
single,snl,,ADJ,,,
simple,sime,,ADJ,,,
early,,,ADV,,,
letter,,,NOUN,letters,,
whose,whs,,PRON,,,
sea,,,NOUN,seas,,
necessary,nesa,,ADJ,,,
hotel,hoe,,NOUN,hotels,,
explain,exa,,VERB,explains,explained,explaining
sport,spo,,NOUN,sports,,
depend,dp,,VERB,depends,depended,depending
sign,sig,,NOUN,signs,,
else,,,ADV,,,
series,seri,,NOUN,series,,
clear,clea,,ADJ,,,
indicate,inae,,VERB,indicates,indicated,indicating
boy,boy,,NOUN,boys,,
treatment,tmn,,NOUN,treatments,,
test,,,NOUN,tests,,
author,auh,,NOUN,authors,,
achieve,ahie,,VERB,achieves,achieved,achieving
nature,nue,,NOUN,natures,,
direction,dio,,NOUN,directions,,
observe,obs,,VERB,observes,observed,observing
third,thd,,ADJ,,,
impact,imc,,NOUN,impacts,,
itself,itf,,PRON,,,
announce,aue,,VERB,announces,announced,announcing
all,,,ADV,,,
both,,,PRON,,,
growth,gth,,NOUN,growths,,
computer,cmt,,NOUN,computers,,
window,wid,,NOUN,windows,,
without,wit,,SCONJ,,,
rest,,,NOUN,rests,,
match,mch,,NOUN,matches,,
once,,,SCONJ,,,
American,aeic,,ADJ,,,
protect,pro,,VERB,protects,protected,protecting
date,date,,NOUN,dates,,
stage,stg,,NOUN,stages,,
tourist,tou,,NOUN,tourists,,
recent,recn,,ADJ,,,
wear,wea,,VERB,wears,wore,wearing
safe,saf,,ADJ,,,
style,stye,,NOUN,styles,,
themselves,thv,,PRON,,,
tool,,,NOUN,tools,,
private,piat,,ADJ,,,
present,,,ADJ,,,
general,gen,,ADJ,,,
education,eui,,NOUN,educations,,
resident,rin,,NOUN,residents,,
content,cont,,NOUN,contents,,
list,list,,NOUN,lists,,
plane,pane,,NOUN,planes,,
story,sry,,NOUN,stories,,
board,boa,,NOUN,boards,,
message,mesa,,NOUN,messages,,
chance,chn,,NOUN,chances,,
strategy,say,,NOUN,strategies,,
practice,paie,,NOUN,practices,,
special,seci,,ADJ,,,
around,and,,ADV,,,
province,pnc,,NOUN,provinces,,
below,bw,,ADV,,,
recently,rey,,ADV,,,
currently,cey,,ADV,,,
authority,athi,,NOUN,authorities,,
season,seao,,NOUN,seasons,,
whom,wm,,PRON,,,
news,new,,NOUN,news,,
economic,ecm,,ADJ,,,
multiple,mut,,ADJ,,,
active,acv,,ADJ,,,
environmental,env,,ADJ,,,
page,pag,,NOUN,pages,,
vehicle,vh,,NOUN,vehicles,,
choice,chi,,NOUN,choices,,
arm,,,NOUN,arms,,
sense,,,NOUN,senses,,
poor,,,ADJ,,,
ticket,tke,,NOUN,tickets,,
safety,sft,,NOUN,safeties,,
access,,,NOUN,accesses,,
generally,gna,,ADV,,,
fill,fil,,VERB,fills,filled,filling
conduct,cnd,,VERB,conducts,conducted,conducting
directly,dy,,ADV,,,
personal,pesa,,ADJ,,,
loss,,,NOUN,losses,,
vote,vot,,NOUN,votes,,
technique,tech,,NOUN,techniques,,
draw,dra,,VERB,draws,drew,drawing
mention,mto,,VERB,mentions,mentioned,mentioning
river,rv,,NOUN,rivers,,
mountain,moa,,NOUN,mountains,,
beautiful,bai,,ADJ,,,
challenge,cg,,NOUN,challenges,,
ensure,ensr,,VERB,ensures,ensured,ensuring
act,,,VERB,acts,acted,acting
define,dein,,VERB,defines,defined,defining
traffic,trai,,NOUN,traffics,,
device,deic,,NOUN,devices,,
operation,oei,,NOUN,operations,,
heart,hert,,NOUN,hearts,,
wide,wde,,ADJ,,,
management,mane,,NOUN,managements,,
character,chat,,NOUN,characters,,
finally,fia,,ADV,,,
purpose,pue,,NOUN,purposes,,
section,setn,,NOUN,sections,,
pressure,psu,,NOUN,pressures,,
evidence,einc,,NOUN,evidences,,
famous,fam,,ADJ,,,
investigate,ivt,,VERB,investigates,investigated,investigating
climate,cite,,NOUN,climates,,
easily,easl,,ADV,,,
promote,pmt,,VERB,promotes,promoted,promoting
score,sco,,VERB,scores,scored,scoring
get,,,AUX,,,
speed,spd,,NOUN,speeds,,
fire,fir,,NOUN,fires,,
no,,,ADV,,,
algorithm,alh,,NOUN,algorithms,,
TRUE,true,,ADJ,,,
front,fnt,,NOUN,fronts,,
influence,inu,,NOUN,influences,,
base,,,NOUN,bases,,
connection,cnti,,NOUN,connections,,
introduction,iru,,NOUN,introductions,,
past,past,,ADJ,,,
detail,dil,,NOUN,details,,
particularly,ptu,,ADV,,,
interview,,,VERB,interviews,interviewed,interviewing
further,fhe,,ADJ,,,
discuss,dsc,,VERB,discusses,discussed,discussing
dead,,,ADJ,,,
individual,iua,,NOUN,individuals,,
movement,moe,,NOUN,movements,,
fail,fal,,VERB,fails,failed,failing
floor,flo,,NOUN,floors,,
destination,dso,,NOUN,destinations,,
warning,wan,,NOUN,warnings,,
hope,hpe,,VERB,hopes,hoped,hoping
limit,lmt,,VERB,limits,limited,limiting
nuclear,nuc,,ADJ,,,
card,cad,,NOUN,cards,,
introduce,itre,,VERB,introduces,introduced,introducing
drug,dru,,NOUN,drugs,,
opinion,opn,,NOUN,opinions,,
winter,wite,,NOUN,winters,,
answer,asw,,VERB,answers,answered,answering
press,pres,,NOUN,presses,,
behavior,bha,,NOUN,behaviors,,
appoint,aoit,,VERB,appoints,appointed,appointing
perhaps,pha,,ADV,,,
one,,,NOUN,ones,,
sort,,,NOUN,sorts,,
than,than,,SCONJ,,,
seat,,,NOUN,seats,,
simply,siy,,ADV,,,
key,ky,,ADJ,,,
machine,mhi,,NOUN,machines,,
trade,trd,,NOUN,trades,,
box,bx,,NOUN,boxes,,
subject,sj,,NOUN,subjects,,
original,orn,,ADJ,,,
variety,vy,,NOUN,varieties,,
soil,soil,,NOUN,soils,,
much,,,ADJ,,,
player,pye,,NOUN,players,,
concern,cone,,NOUN,concerns,,
star,star,,NOUN,stars,,
accord,,,VERB,accords,accorded,according
agree,agr,,VERB,agrees,agreed,agreeing
alone,alne,,ADV,,,
charge,chae,,NOUN,charges,,
complete,com,,VERB,completes,completed,completing
citizen,citen,,NOUN,citizens,,
investigation,ieg,,NOUN,investigations,,
online,onl,,ADV,,,
accept,acep,,VERB,accepts,accepted,accepting
king,kg,,NOUN,kings,,
rise,,,VERB,rises,rose,rising
bar,,,NOUN,bars,,
check,ck,,VERB,checks,checked,checking
positive,pste,,ADJ,,,
seek,sek,,VERB,seeks,sought,seeking
expression,exs,,NOUN,expressions,,
flow,flw,,NOUN,flows,,
attend,aend,,VERB,attends,attended,attending
final,fna,,ADJ,,,
driver,dri,,NOUN,drivers,,
Go,,,VERB,goes,went,going
sound,sun,,NOUN,sounds,,
potential,ptei,,ADJ,,,
communication,cui,,NOUN,communications,,
ago,ago,,ADV,,,
element,elnt,,NOUN,elements,,
oh,,,INTJ,,,
band,ban,,NOUN,bands,,
effective,efti,,ADJ,,,
attempt,amp,,NOUN,attempts,,
gas,gas,,NOUN,gas,,
mass,,,NOUN,masses,,
maintain,mait,,VERB,maintains,maintained,maintaining
design,,,VERB,designs,designed,designing
express,exr,,VERB,expresses,expressed,expressing
weapon,weo,,NOUN,weapons,,
photo,pht,,NOUN,photos,,
ability,ailt,,NOUN,abilities,,
measure,meu,,VERB,measures,measured,measuring
district,dtc,,NOUN,districts,,
note,,,NOUN,notes,,
surround,suo,,VERB,surrounds,surrounded,surrounding
presence,psc,,NOUN,presences,,
visitor,vst,,NOUN,visitors,,
painting,pant,,NOUN,paintings,,
myself,mye,,PRON,,,
happy,hay,,ADJ,,,
pattern,patr,,NOUN,patterns,,
tour,tour,,NOUN,tours,,
vote,,,VERB,votes,voted,voting
discover,dise,,VERB,discovers,discovered,discovering
physical,phi,,ADJ,,,
elect,elct,,VERB,elects,elected,electing
finish,fsh,,VERB,finishes,finished,finishing
everyone,eyn,,NOUN,everyones,,
corner,corn,,NOUN,corners,,
manage,mag,,VERB,manages,managed,managing
ball,,,NOUN,balls,,
troop,trop,,NOUN,troops,,
back,,,NOUN,backs,,
confirm,cfi,,VERB,confirms,confirmed,confirming
parameter,pme,,NOUN,parameters,,
hot,,,ADJ,,,
user,user,,NOUN,users,,
sample,smp,,NOUN,samples,,
central,cena,,ADJ,,,
official,,,ADJ,,,
entire,enir,,ADJ,,,
component,cmet,,NOUN,components,,
round,run,,NOUN,rounds,,
picture,piu,,NOUN,pictures,,
north,nrh,,ADV,,,
heat,,,NOUN,heats,,
indeed,,,ADV,,,
mainly,may,,ADV,,,
figure,,,NOUN,figures,,
Spanish,snh,,ADJ,,,
contribute,cou,,VERB,contributes,contributed,contributing
recognize,reci,,VERB,recognizes,recognized,recognizing
paint,pain,,NOUN,paints,,
future,fut,,NOUN,futures,,
deep,dep,,ADJ,,,
spot,spot,,NOUN,spots,,
task,tsk,,NOUN,tasks,,
marriage,mri,,NOUN,marriages,,
signal,sina,,NOUN,signals,,
map,,,NOUN,maps,,
mostly,mos,,ADV,,,
file,fle,,NOUN,files,,
edge,,,NOUN,edges,,
foreign,fen,,ADJ,,,
force,,,VERB,forces,forced,forcing
object,obt,,NOUN,objects,,
green,grn,,ADJ,,,
explore,exl,,VERB,explores,explored,exploring
gene,,,NOUN,genes,,
cold,cod,,ADJ,,,
daily,day,,ADV,,,
what,,,DET,,,
red,,,ADJ,,,
quickly,,,ADV,,,
officer,ofi,,NOUN,officers,,
measure,,,NOUN,measures,,
catch,,,VERB,catches,caught,catching
coast,cast,,NOUN,coasts,,
modern,mrn,,ADJ,,,
governor,gv,,NOUN,governors,,
urban,ura,,ADJ,,,
direct,diet,,ADJ,,,
minister,mns,,NOUN,ministers,,
society,scit,,NOUN,societies,,
increase,,,NOUN,increases,,
attempt,,,VERB,attempts,attempted,attempting
customer,cus,,NOUN,customers,,
concern,,,VERB,concerns,concerned,concerning
fine,fin,,ADJ,,,
nice,,,ADJ,,,
encourage,ecg,,VERB,encourages,encouraged,encouraging
meeting,meti,,NOUN,meetings,,
staff,staf,,NOUN,staffs,,
feature,,,VERB,features,featured,featuring
threat,threa,,NOUN,threats,,
length,leh,,NOUN,lengths,,
peace,,,NOUN,peaces,,
track,trk,,NOUN,tracks,,
supply,sul,,NOUN,supplies,,
infection,into,,NOUN,infections,,
experience,,,VERB,experiences,experienced,experiencing
treat,,,VERB,treats,treated,treating
discussion,diu,,NOUN,discussions,,
blood,blo,,NOUN,bloods,,
serious,seiu,,ADJ,,,
reaction,ract,,NOUN,reactions,,
demonstrate,dnt,,VERB,demonstrates,demonstrated,demonstrating
global,gla,,ADJ,,,
future,,,ADJ,,,
title,tile,,NOUN,titles,,
path,path,,NOUN,paths,,
wish,wis,,VERB,wishes,wished,wishing
rock,rck,,NOUN,rocks,,
skill,ski,,NOUN,skills,,
unique,unie,,ADJ,,,
gain,gai,,VERB,gains,gained,gaining
trail,,,NOUN,trails,,
previously,pru,,ADV,,,
walk,,,NOUN,walks,,
target,trg,,NOUN,targets,,
sleep,slp,,NOUN,sleeps,,
individual,,,ADJ,,,
item,,,NOUN,items,,
museum,mus,,NOUN,museums,,
race,,,NOUN,races,,
aspect,asect,,NOUN,aspects,,
collection,cln,,NOUN,collections,,
evaluate,ealt,,VERB,evaluates,evaluated,evaluating
public,,,NOUN,publics,,
return,,,NOUN,returns,,
reference,rfn,,NOUN,references,,
crime,crm,,NOUN,crimes,,
sign,,,VERB,signs,signed,signing
highly,hig,,ADV,,,
travel,,,NOUN,travels,,
branch,brh,,NOUN,branches,,
mechanism,mhs,,NOUN,mechanisms,,
post,,,NOUN,posts,,
facility,fy,,NOUN,facilities,,
complex,cx,,ADJ,,,
link,lik,,NOUN,links,,
consist,cnst,,VERB,consists,consisted,consisting
regular,rega,,ADJ,,,
successful,suf,,ADJ,,,
vary,vay,,VERB,varies,varied,varying
platform,paf,,NOUN,platforms,,
army,ary,,NOUN,armies,,
couple,cul,,NOUN,couples,,
legal,leg,,ADJ,,,
ready,reay,,ADJ,,,
maybe,mb,,ADV,,,
measurement,mest,,NOUN,measurements,,
refer,,,VERB,refers,referred,referring
forest,frs,,NOUN,forests,,
drink,dik,,NOUN,drinks,,
throw,thro,,VERB,throws,threw,throwing
interesting,itg,,ADJ,,,
any,,,PRON,,,
release,,,NOUN,releases,,
trial,,,NOUN,trials,,
fish,fis,,NOUN,fish,,
influence,,,VERB,influences,influenced,influencing
order,,,VERB,orders,ordered,ordering
garden,gad,,NOUN,gardens,,
concentration,cnta,,NOUN,concentrations,,
respond,rsd,,VERB,responds,responded,responding
review,rew,,NOUN,reviews,,
pull,pul,,VERB,pulls,pulled,pulling
soldier,sld,,NOUN,soldiers,,
Russian,rsia,,ADJ,,,
another,,,PRON,,,
advantage,avn,,NOUN,advantages,,
responsible,rsb,,ADJ,,,
heavy,hey,,ADJ,,,
generate,gnt,,VERB,generates,generated,generating
demand,,,NOUN,demands,,
though,,,ADV,,,
herself,hers,,PRON,,,
weight,weht,,NOUN,weights,,
worker,wrk,,NOUN,workers,,
bed,,,NOUN,beds,,
concept,coet,,NOUN,concepts,,
phone,phn,,NOUN,phones,,
completely,cty,,ADV,,,
visit,,,NOUN,visits,,
cross,cros,,VERB,crosses,crossed,crossing
paint,,,VERB,paints,painted,painting
transport,tran,,NOUN,transports,,
flower,fwe,,NOUN,flowers,,
nearly,nay,,ADV,,,
Q,,,NOUN,Qs,,
guide,gu,,NOUN,guides,,
Yeah,yeah,,INTJ,,,
incident,incd,,NOUN,incidents,,
wind,wnd,,NOUN,winds,,
lack,lak,,NOUN,lacks,,
clean,clen,,ADJ,,,
lake,lke,,NOUN,lakes,,
newspaper,nsar,,NOUN,newspapers,,
listen,lise,,VERB,listens,listened,listening
blue,ble,,ADJ,,,
distribution,dsu,,NOUN,distributions,,
deal,deal,,NOUN,deals,,
speech,sech,,NOUN,speeches,,
shall,shl,,AUX,,,
relation,rato,,NOUN,relations,,
independent,indt,,ADJ,,,
northern,noh,,ADJ,,,
thought,thou,,NOUN,thoughts,,
purchase,prh,,VERB,purchases,purchased,purchasing
recommend,recm,,VERB,recommends,recommended,recommending
error,,,NOUN,errors,,
sun,,,NOUN,suns,,
owner,oner,,NOUN,owners,,
combine,cmie,,VERB,combines,combined,combining
manner,maer,,NOUN,manners,,
top,,,ADJ,,,
song,sng,,NOUN,songs,,
cause,,,NOUN,causes,,
council,coni,,NOUN,councils,,
general,,,NOUN,generals,,
additional,aton,,ADJ,,,
numerous,num,,ADJ,,,
hill,hil,,NOUN,hills,,
worth,wot,,ADJ,,,
phase,phae,,NOUN,phases,,
with,with,,SCONJ,,,
horse,hor,,NOUN,horses,,
dark,dak,,ADJ,,,
search,seah,,NOUN,searches,,
European,euo,,ADJ,,,
engage,enga,,VERB,engages,engaged,engaging
background,bac,,NOUN,backgrounds,,
movie,moi,,NOUN,movies,,
downtown,don,,NOUN,downtowns,,
ahead,ahed,,ADV,,,
hospital,hoi,,NOUN,hospitals,,
interaction,intr,,NOUN,interactions,,
victim,vct,,NOUN,victims,,
primary,pim,,ADJ,,,
online,,,ADJ,,,
hang,hag,,VERB,hangs,hung,hanging
economy,eoy,,NOUN,economies,,
push,puh,,VERB,pushes,pushed,pushing
tax,tx,,NOUN,taxes,,
yesterday,ytr,,NOUN,yesterdays,,
document,due,,NOUN,documents,,
each,,,PRON,,,
moreover,mev,,ADV,,,
apartment,artm,,NOUN,apartments,,
benefit,bf,,NOUN,benefits,,
care,,,VERB,cares,cared,caring
bank,bak,,NOUN,banks,,
about,,,SCONJ,,,
stress,,,NOUN,stresses,,
enough,,,ADJ,,,
professional,pfe,,ADJ,,,
respect,resc,,NOUN,respects,,
taxis,tax,,NOUN,taxes,,
teach,teach,,VERB,teaches,taught,teaching
conference,cnf,,NOUN,conferences,,
director,deo,,NOUN,directors,,
list,,,VERB,lists,listed,listing
federal,fera,,ADJ,,,
bridge,bri,,NOUN,bridges,,
pick,pik,,VERB,picks,picked,picking
replace,repc,,VERB,replaces,replaced,replacing
success,suce,,NOUN,successes,,
south,suh,,NOUN,souths,,
analyze,anye,,VERB,analyzes,analyzed,analyzing
mark,mak,,VERB,marks,marked,marking
lead,,,NOUN,leads,,
passenger,peg,,NOUN,passengers,,
sensor,seno,,NOUN,sensors,,
weather,wah,,NOUN,weathers,,
taxi,txi,,NOUN,taxis,,
gold,gld,,NOUN,golds,,
look,,,NOUN,looks,,
memory,mry,,NOUN,memories,,
tend,tend,,VERB,tends,tended,tending
cry,cry,,VERB,cries,cried,crying
hit,,,VERB,hits,hit,hitting
total,toal,,ADJ,,,
before,,,ADV,,,
sister,sitr,,NOUN,sisters,,
spread,spra,,VERB,spreads,spread,spreading
collect,colt,,VERB,collects,collected,collecting
learning,leai,,NOUN,learnings,,
importance,irtc,,NOUN,importances,,
protein,prte,,NOUN,proteins,,
bill,bil,,NOUN,bills,,
bottom,btm,,NOUN,bottoms,,
head,,,VERB,heads,headed,heading
drop,drp,,VERB,drops,dropped,dropping
capacity,caty,,NOUN,capacities,,
construction,cstr,,NOUN,constructions,,
arrest,arest,,VERB,arrests,arrested,arresting
south,,,ADV,,,
belong,ben,,VERB,belongs,belonged,belonging
club,clb,,NOUN,clubs,,
immediately,iey,,ADV,,,
capture,ctue,,VERB,captures,captured,capturing
topic,toic,,NOUN,topics,,
crisis,cris,,NOUN,crises,,
requirement,remt,,NOUN,requirements,,
shape,shap,,NOUN,shapes,,
approximately,ax,,ADV,,,
southern,sthr,,ADJ,,,
glass,gls,,NOUN,glasses,,
unit,unit,,NOUN,units,,
deal,,,VERB,deals,dealt,dealing
realize,,,VERB,realizes,realized,realizing
negative,ntv,,ADJ,,,
generation,geat,,NOUN,generations,,
aim,,,VERB,aims,aimed,aiming
hair,hair,,NOUN,hairs,,
decade,deca,,NOUN,decades,,
beginning,bein,,NOUN,beginnings,,
fly,fly,,VERB,flies,flew,flying
outcome,oum,,NOUN,outcomes,,
investment,inv,,NOUN,investments,,
frequency,feu,,NOUN,frequencies,,
presidential,pesi,,ADJ,,,
attract,,,VERB,attracts,attracted,attracting
declare,dcl,,VERB,declares,declared,declaring
fully,fuy,,ADV,,,
reveal,rva,,VERB,reveals,revealed,revealing
hard,,,ADV,,,
intend,inted,,VERB,intends,intended,intending
ice,,,NOUN,ices,,
instance,inst,,NOUN,instances,,
cancer,canr,,NOUN,cancers,,
participate,patc,,VERB,participates,participated,participating
penalty,pty,,NOUN,penalties,,
relatively,reati,,ADV,,,
ferry,fey,,NOUN,ferries,,
respectively,rety,,ADV,,,
characteristic,chai,,NOUN,characteristics,,
scene,scen,,NOUN,scenes,,
violence,vic,,NOUN,violences,,
resolution,rstn,,NOUN,resolutions,,
majority,maj,,NOUN,majorities,,
domain,dain,,NOUN,domains,,
cheap,chp,,ADJ,,,
injury,inj,,NOUN,injuries,,
chief,chie,,NOUN,chiefs,,
engine,engi,,NOUN,engines,,
unknown,uno,,ADJ,,,
evening,evg,,NOUN,evenings,,
dish,dih,,NOUN,dishes,,
kid,,,NOUN,kids,,
adopt,adot,,VERB,adopts,adopted,adopting
financial,fac,,ADJ,,,
stop,,,NOUN,stops,,
rich,rich,,ADJ,,,
anyone,ayo,,NOUN,anyones,,
edition,eito,,NOUN,editions,,
critical,cria,,ADJ,,,
Chinese,chis,,ADJ,,,
journalist,ja,,NOUN,journalists,,
overall,ova,,ADJ,,,
refuse,rfu,,VERB,refuses,refused,refusing
appropriate,aote,,ADJ,,,
audience,aun,,NOUN,audiences,,
employ,ely,,VERB,employs,employed,employing
objective,oiv,,NOUN,objectives,,
attack,,,VERB,attacks,attacked,attacking
useful,uel,,ADJ,,,
cost,,,VERB,costs,cost,costing
version,ves,,NOUN,versions,,
handle,hane,,VERB,handles,handled,handling
hole,hol,,NOUN,holes,,
control,,,VERB,controls,controlled,controlling
estimate,estia,,VERB,estimates,estimated,estimating
act,,,NOUN,acts,,
suppose,supe,,VERB,supposes,supposed,supposing
fresh,frh,,ADJ,,,
administration,amst,,NOUN,administrations,,
driving,dig,,VERB,drives,drove,driving
healthy,hty,,ADJ,,,
protest,poe,,NOUN,protests,,
reflect,rfc,,VERB,reflects,reflected,reflecting
opposition,osit,,NOUN,oppositions,,
fee,,,NOUN,fees,,
north,,,NOUN,norths,,
pretty,pry,,ADV,,,
university,uv,,NOUN,universities,,
principle,prie,,NOUN,principles,,
parking,pak,,NOUN,parkings,,
huge,hue,,ADJ,,,
charge,,,VERB,charges,charged,charging
assume,asu,,VERB,assumes,assumed,assuming
bag,,,NOUN,bags,,
daily,,,ADJ,,,
scale,scle,,NOUN,scales,,
host,host,,NOUN,hosts,,
significantly,sica,,ADV,,,
wave,wv,,NOUN,waves,,
one,,,PRON,,,
furthermore,fuh,,ADV,,,
husband,hsd,,NOUN,husbands,,
digital,dtl,,ADJ,,,
journey,jr,,NOUN,journeys,,
forward,fad,,ADV,,,
cook,cok,,VERB,cooks,cooked,cooking
chemical,chl,,ADJ,,,
contact,cota,,NOUN,contacts,,
resistance,rsac,,NOUN,resistances,,
leg,,,NOUN,legs,,
commit,cmit,,VERB,commits,committed,committing
seed,,,NOUN,seeds,,
fund,fun,,NOUN,funds,,
failure,faie,,NOUN,failures,,
prove,proe,,VERB,proves,proved,proving
conflict,cft,,NOUN,conflicts,,
love,,,NOUN,love,,
birth,bth,,NOUN,births,,
basis,bas,,NOUN,bases,,
decrease,decs,,VERB,decreases,decreased,decreasing
basic,bsi,,ADJ,,,
gun,gun,,NOUN,guns,,
interested,ines,,VERB,interests,interested,interesting
survive,svi,,VERB,survives,survived,surviving
own,,,VERB,owns,owned,owning
feeling,feg,,NOUN,feelings,,
literature,ltu,,NOUN,literatures,,
calculate,calt,,VERB,calculates,calculated,calculating
comfortable,cmta,,ADJ,,,
robot,rbt,,NOUN,robots,,
What,,,DET,,,
excellent,exc,,ADJ,,,
novel,nov,,NOUN,novels,,
wood,wod,,NOUN,woods,,
meal,mel,,NOUN,meals,,
text,,,NOUN,texts,,
contact,,,VERB,contacts,contacted,contacting
relevant,rvt,,ADJ,,,
sleep,,,VERB,sleeps,slept,sleeping
defeat,def,,VERB,defeats,defeated,defeating
proper,,,ADJ,,,
agent,agnt,,NOUN,agents,,
Check,,,VERB,checks,checked,checking
extend,exn,,VERB,extends,extended,extending
display,disa,,VERB,displays,displayed,displaying
sentence,sentc,,NOUN,sentences,,
aircraft,aift,,NOUN,aircrafts,,
county,cny,,NOUN,counties,,
French,fnh,,ADJ,,,
efficiency,efic,,NOUN,efficiencies,,
expensive,exv,,ADJ,,,
request,rust,,NOUN,requests,,
sale,,,NOUN,sales,,
sight,siht,,NOUN,sights,,
television,tlv,,NOUN,televisions,,
suffer,sfer,,VERB,suffers,suffered,suffering
improvement,ivet,,NOUN,improvements,,
entrance,entra,,NOUN,entrances,,
which,,,DET,,,
possibly,psy,,ADV,,,
ward,wad,,NOUN,wards,,
spring,srg,,NOUN,springs,,
mix,mx,,VERB,mixes,mixed,mixing
like,,,SCONJ,,,
responsibility,rny,,NOUN,responsibilities,,
issue,,,VERB,issues,issued,issuing
fit,,,VERB,fits,fitted,fitting
destroy,dey,,VERB,destroys,destroyed,destroying
settle,,,VERB,settles,settled,settling
consumption,csm,,NOUN,consumptions,,
implement,imen,,VERB,implements,implemented,implementing
college,clg,,NOUN,colleges,,
landscape,lnd,,NOUN,landscapes,,
clinical,cina,,ADJ,,,
view,,,VERB,views,viewed,viewing
mission,mon,,NOUN,missions,,
employee,epl,,NOUN,employees,,
perspective,pect,,NOUN,perspectives,,
link,,,VERB,links,linked,linking
typically,tyi,,ADV,,,
chair,char,,NOUN,chairs,,
budget,bue,,NOUN,budgets,,
stuff,stuf,,NOUN,stuffs,,
thousand,thsa,,NOUN,thousands,,
doctor,dot,,NOUN,doctors,,
religion,rig,,NOUN,religions,,
host,,,VERB,hosts,hosted,hosting
square,suae,,NOUN,squares,,
variable,vb,,NOUN,variables,,
strength,stnh,,NOUN,strengths,,
selection,seln,,NOUN,selections,,
status,stau,,NOUN,status ,,
wrong,wro,,ADJ,,,
dollar,dol,,NOUN,dollars,,
play,,,NOUN,plays,,
node,node,,NOUN,nodes,,
income,incm,,NOUN,incomes,,
association,asot,,NOUN,associations,,
adult,adu,,NOUN,adults,,
prefer,prf,,VERB,prefers,preferred,preferring
screen,scrn,,NOUN,screens,,
agreement,amnt,,NOUN,agreements,,
medical,meca,,ADJ,,,
railway,riy,,NOUN,railways,,
extremely,exm,,ADV,,,
politics,pits,,NOUN,politicss,,
festival,feta,,NOUN,festivals,,
nor,,,CCONJ,,,
lady,ldy,,NOUN,ladies,,
cluster,clst,,NOUN,clusters,,
theory,they,,NOUN,theories,,
widely,wel,,ADV,,,
competition,cmp,,NOUN,competitions,,
help,,,NOUN,helps,,
complete,,,ADJ,,,
search,,,VERB,searches,searched,searching
coach,coh,,NOUN,coaches,,
oppose,opse,,VERB,opposes,opposed,opposing
institution,iuo,,NOUN,institutions,,
point,,,VERB,points,pointed,pointing
store,,,VERB,stores,stored,storing
west,wst,,NOUN,wests,,
cultural,cutr,,ADJ,,,
dry,dry,,ADJ,,,
divide,dive,,VERB,divides,divided,dividing
fair,fair,,ADJ,,,
software,sof,,NOUN,software,,
fruit,fui,,NOUN,fruit,,
solve,sov,,VERB,solves,solved,solving
reduction,ruo,,NOUN,reductions,,
eventually,evta,,ADV,,,
thank,thk,,VERB,thanks,thanked,thanking
aware,awre,,ADJ,,,
induce,iuce,,VERB,induces,induced,inducing
Internet,inter,,NOUN,Internets,,
motor,motr,,NOUN,motors,,
organize,orai,,VERB,organizes,organized,organizing
understanding,uest,,NOUN,understanding,,
neighborhood,nhd,,NOUN,neighborhoods,,
fuel,ful,,NOUN,fuels,,
murder,mur,,NOUN,murders,,
combination,coia,,NOUN,combinations,,
pair,pair,,NOUN,pairs,,
press,,,VERB,presses,pressed,pressing
initial,intl,,ADJ,,,
bury,bur,,VERB,buries,buried,burying
m,,,NOUN,ms,,
slowly,sly,,ADV,,,
otherwise,othi,,ADV,,,
medal,mal,,NOUN,medals,,
score,,,NOUN,scores,,
detection,detc,,NOUN,detections,,
notice,noie,,VERB,notices,noticed,noticing
warm,wam,,ADJ,,,
regional,rina,,ADJ,,,
finger,fine,,NOUN,fingers,,
historical,hisa,,ADJ,,,
exactly,exat,,ADV,,,
run,,,NOUN,runs,,
approach,,,VERB,approaches,approached,approaching
expand,exd,,VERB,expands,expanded,expanding
fan,,,NOUN,fans,,
procedure,pcu,,NOUN,procedures,,
print,pint,,VERB,prints,printed,printing
Australian,astl,,ADJ,,,
difficulty,dcu,,NOUN,difficulties,,
crowd,crd,,NOUN,crowds,,
certainly,cetai,,ADV,,,
intervention,itro,,NOUN,interventions,,
equipment,euit,,NOUN,equipment,,
escape,escp,,VERB,escapes,scaped,scaping
bomb,bom,,NOUN,bombs,,
stick,sck,,VERB,sticks,stuck,sticking
panel,pal,,NOUN,panels,,
specifically,scy,,ADV,,,
lay,,,NOUN,lays,,
religious,reiu,,ADJ,,,
context,ctx,,NOUN,contexts,,
beat,beat,,VERB,beats,beat,beating
stone,ston,,NOUN,stones,,
regulation,ruti,,NOUN,regulations,,
perfect,pft,,ADJ,,,
finding,fig,,VERB,finds,found,finding
none,,,NOUN,nones,,
normal,nora,,ADJ,,,
accus,acus,,VERB,accus,accued,accuing
recorded,reco,,VERB,records,recorded,recording
deliver,deli,,VERB,delivers,delivered,delivering
address,,,NOUN,addresses,,
football,ftb,,NOUN,footballs,,
Italian,ialn,,ADJ,,,
category,cag,,NOUN,categories,,
preserve,,,VERB,preserves,preserved,preserving
assessment,asent,,NOUN,assessments,,
clean,,,VERB,cleans,cleaned,cleaning
depart,dear,,VERB,departs,departed,departing
assess,,,VERB,assesses,assessed,assessing
reporter,reot,,NOUN,reporters,,
acid,acid,,NOUN,acids,,
commercial,cmia,,ADJ,,,
enhance,enhc,,VERB,enhances,enhanced,enhancing
potential,,,NOUN,potentials,,
mental,ment,,ADJ,,,
repeat,repat,,VERB,repeats,repeated,repeating
publication,pua,,NOUN,publications,,
science,scin,,NOUN,sciences,,
forget,fret,,VERB,forgets,forgot,forgetting
damage,dage,,NOUN,damages,,
reply,repy,,VERB,replies,replied,replying
leave,,,NOUN,leaves,,
input,iput,,NOUN,inputs,,
camp,camp,,NOUN,camps,,
Iranian,,,ADJ,,,
middle,mil,,NOUN,middles,,
extra,extr,,ADJ,,,
unless,unl,,SCONJ,,,
coat,,,NOUN,coats,,
simulation,sima,,NOUN,simulations,,
pain,,,NOUN,pains,,
standard,stad,,NOUN,standards,,
challenge,,,VERB,challenges,challenged,challenging
brain,brn,,NOUN,brains,,
agency,aecy,,NOUN,agencies,,
possibility,pbt,,NOUN,possibilities,,
launch,lnh,,VERB,launches,launched,launching
gift,gft,,NOUN,gifts,,
finding,,,NOUN,findings,,
root,,,NOUN,roots,,
German,gem,,ADJ,,,
bird,bid,,NOUN,birds,,
examine,exai,,VERB,examines,examined,examining
English,egh,,ADJ,,,
gather,ghr,,VERB,gathers,gathered,gathering
settlement,semn,,NOUN,settlements,,
comparison,casn,,NOUN,comparisons,,
deny,dny,,VERB,denies,denied,denying
appearance,aprn,,NOUN,appearances,,
answer,,,NOUN,answers,,
execute,exct,,VERB,executes,executed,executing
transfer,tsfe,,NOUN,transfers,,
protection,pten,,NOUN,protections,,
worry,woy,,VERB,worries,worried,worrying
whatever,what,,PRON,,,
attach,,,VERB,attaches,attached,attaching
ride,,,VERB,rides,rode,riding
battle,btl,,NOUN,battles,,
quarter,,,NOUN,quarters,,
ancient,aniet,,ADJ,,,
zone,,,NOUN,zones,,
writer,wrt,,NOUN,writers,,
surgery,suy,,NOUN,surgeries,,
shot,,,NOUN,shots,,
originally,ory,,ADV,,,
separate,sprt,,ADJ,,,
friendly,frie,,ADJ,,,
spatial,sail,,ADJ,,,
voter,vote,,NOUN,voters,,
lawyer,laye,,NOUN,lawyers,,
laugh,lau,,VERB,laughs,laughed,laughing
twice,twc,,ADV,,,
cycle,cyl,,NOUN,cycles,,
accident,aidt,,NOUN,accidents,,
date,,,VERB,dates,dated,dating
license,lice,,NOUN,licenses,,
grant,grat,,VERB,grants,granted,granting
lay,,,VERB,lays,layed,laying
likely,,,ADV,,,
suddenly,sny,,ADV,,,
restore,reso,,VERB,restores,restored,restoring
meat,,,NOUN,meat,,
researcher,rsah,,NOUN,researchers,,
pronounce,pnu,,VERB,pronounces,pronounced,pronouncing
convert,cnv,,VERB,converts,converted,converting
access,,,VERB,accesses,accessed,accessing
advance,adv,,VERB,advances,advanced,advancing
fun,,,ADJ,,,
pool,pol,,NOUN,pools,,
manager,manr,,NOUN,managers,,
experiment,exit,,NOUN,experiments,,
broad,bro,,ADJ,,,
crew,cew,,NOUN,crews,,
variation,vait,,NOUN,variations,,
talk,,,NOUN,talks,,
annual,anul,,ADJ,,,
frequently,fty,,ADV,,,
mouth,moh,,NOUN,mouths,,
volume,vue,,NOUN,volumes,,
strange,stag,,ADJ,,,
agricultural,agit,,ADJ,,,
cool,,,ADJ,,,
touch,toch,,VERB,touches,touched,touching
farmer,frm,,NOUN,farmers,,
start,,,NOUN,starts,,
percent,pern,,NOUN,percents,,
claim,,,NOUN,claims,,
cup,,,NOUN,cups,,
hire,hire,,VERB,hires,hired,hiring
load,load,,NOUN,loads,,
chain,chan,,NOUN,chains,,
Israeli,israe,,ADJ,,,
British,bih,,ADJ,,,
inform,inor,,VERB,informs,informed,informing
billion,bio,,NOUN,billions,,
noise,nois,,NOUN,noises,,
storey,soy,,NOUN,storeys,,
height,hegt,,NOUN,heights,,
limit,,,NOUN,limits,,
formation,fmt,,NOUN,formations,,
transportation,trasi,,NOUN,transportations,,
clothes,cths,,NOUN,clothess,,
Click,cik,,VERB,clicks,clicked,clicking
call,,,NOUN,calls,,
contribution,cntr,,NOUN,contributions,,
means,mans,,NOUN,meanss,,
past,,,NOUN,pasts,,
integrate,ing,,VERB,integrates,integrated,integrating
conversation,cov,,NOUN,conversations,,
military,,,NOUN,militaries,,
freedom,fom,,NOUN,freedoms,,
dinner,dnr,,NOUN,dinners,,
wonder,wdr,,VERB,wonders,wondered,wondering
architecture,ahite,,NOUN,architectures,,
found,fon,,VERB,finds,found,finding
direct,,,VERB,directs,directed,directing
cloud,clou,,NOUN,clouds,,
crop,crop,,NOUN,crops,,
channel,chane,,NOUN,channels,,
east,,,NOUN,easts,,
session,seio,,NOUN,sessions,,
tourism,tuis,,NOUN,tourisms,,
biological,bic,,ADJ,,,
industrial,iul,,ADJ,,,
threaten,then,,VERB,threatens,threatened,threatening
quick,,,ADJ,,,
western,west,,ADJ,,,
dry,,,VERB,dries,dried,drying
sustainable,stb,,ADJ,,,
actual,actu,,ADJ,,,
snow,sow,,NOUN,snows,,
resort,resot,,NOUN,resorts,,
either,,,DET,,,
dedicate,dcat,,VERB,dedicates,dedicated,dedicating
target,,,VERB,targets,targeted,targeting
stream,strm,,NOUN,streams,,
terminal,tnal,,NOUN,terminals,,
fashion,fsn,,NOUN,fashions,,
slow,slw,,ADJ,,,
trend,tred,,NOUN,trends,,
judge,jd,,NOUN,judges,,
female,fema,,ADJ,,,
stem,,,NOUN,stems,,
average,avg,,ADJ,,,
detect,,,VERB,detects,detected,detecting
participant,paic,,NOUN,participants,,
belief,bef,,NOUN,beliefs,,
shore,shor,,NOUN,shores,,
slightly,shy,,ADV,,,
weekend,wkd,,NOUN,weekends,,
burn,bun,,VERB,burns,burnt,burning
schedule,shed,,VERB,schedules,scheduled,scheduling
firm,firm,,NOUN,firms,,
install,insta,,VERB,instals,installed,installing
teacher,tchr,,NOUN,teachers,,
stock,stck,,NOUN,stocks,,
possession,psen,,NOUN,possessions,,
rural,,,ADJ,,,
attraction,aion,,NOUN,attractions,,
density,dsy,,NOUN,densities,,
confidence,cof,,NOUN,confidences,,
powerful,pou,,ADJ,,,
invite,invt,,VERB,invites,invited,inviting
contractor,cona,,NOUN,contractors,,
essential,enil,,ADJ,,,
comment,cmen,,NOUN,comments,,
emergency,emrn,,NOUN,emergencies,,
characterize,chti,,VERB,characterizes,characterized,characterizing
household,hou,,NOUN,households,,
intelligence,igc,,NOUN,intelligences,,
civil,cvl,,ADJ,,,
metal,metl,,NOUN,metals,,
profile,pfi,,NOUN,profiles,,
master,masr,,NOUN,masters,,
drive,,,NOUN,drives,,
port,,,NOUN,ports,,
exposure,exp,,NOUN,exposures,,
turn,,,NOUN,turns,,
danger,dng,,NOUN,dangers,,
enable,enab,,VERB,enables,enabled,enabling
dangerous,dnu,,ADJ,,,
exercise,exis,,NOUN,exercises,,
highlight,higt,,VERB,highlights,highlighted,highlighting
button,btn,,NOUN,buttons,,
Avoid,,,VERB,avoids,avoided,avoiding
breakfast,beas,,NOUN,breakfasts,,
plastic,pasi,,NOUN,plastics,,
bike,bke,,NOUN,bikes,,
clearly,cery,,ADV,,,
expert,expt,,NOUN,experts,,
assist,,,VERB,assists,assisted,assisting
inspire,insr,,VERB,inspires,inspired,inspiring
native,natv,,ADJ,,,
busy,bus,,ADJ,,,
derive,deri,,VERB,derives,derived,deriving
justice,jt,,NOUN,justices,,
sky,sky,,NOUN,skies,,
grid,grd,,NOUN,grids,,
code,code,,NOUN,codes,,
politician,pota,,NOUN,politicians,,
i,,,PRON,,,
package,pke,,NOUN,packages,,
copy,coy,,NOUN,copies,,
observation,osai,,NOUN,observations,,
fix,fx,,VERB,fixes,fixed,fixing
acquire,auie,,VERB,acquires,acquired,acquiring
library,liy,,NOUN,libraries,,
arrange,arng,,VERB,arranges,arranged,arranging
youth,yu,,NOUN,youths,,
schedule,,,NOUN,schedules,,
camera,camr,,NOUN,cameras,,
consequence,cneu,,NOUN,consequences,,
farm,farm,,NOUN,farms,,
largely,lage,,ADV,,,
identity,iny,,NOUN,identities,,
entry,enty,,NOUN,entries,,
alternative,alv,,NOUN,alternatives,,
hence,,,ADV,,,
reader,,,NOUN,readers,,
fellow,fow,,NOUN,fellows,,
baby,bay,,NOUN,babies,,
exchange,exh,,NOUN,exchanges,,
adult,,,ADJ,,,
latter,,,ADJ,,,
actor,acor,,NOUN,actors,,
compose,cmse,,VERB,composes,composed,composing
email,emal,,NOUN,emails,,
scheme,shem,,NOUN,schemes,,
somewhat,soha,,ADV,,,
trouble,tub,,NOUN,troubles,,
careful,caef,,ADJ,,,
compound,cmu,,NOUN,compounds,,
arrival,aivl,,NOUN,arrivals,,
historic,hitr,,ADJ,,,
origin,oig,,NOUN,origins,,
hope,,,NOUN,hopes,,
quiet,,,ADJ,,,
truth,truh,,NOUN,truths,,
web,web,,NOUN,webs,,
along,alon,,ADV,,,
predict,peic,,VERB,predicts,predicted,predicting
magazine,main,,NOUN,magazines,,
evaluation,eaut,,NOUN,evaluations,,
guy,,,NOUN,guys,,
expose,exo,,VERB,exposes,exposed,exposing
attitude,atiu,,NOUN,attitudes,,
block,boc,,NOUN,blocks,,
hide,hide,,VERB,hides,hid,hiding
airline,airne,,NOUN,airlines,,
strongly,stnl,,ADV,,,
standard,,,ADJ,,,
rail,,,NOUN,rails,,
temple,temp,,NOUN,temples,,
portrait,poti,,NOUN,portraits,,
commonly,cmy,,ADV,,,
accuracy,auy,,NOUN,accuracies,,
recover,rcv,,VERB,recovers,recovered,recovering
captain,catin,,NOUN,captains,,
prison,pris,,NOUN,prisons,,
properly,poy,,ADV,,,
vision,vsn,,NOUN,visions,,
consumer,cuer,,NOUN,consumers,,
housing,hui,,NOUN,housings,,
voltage,vtg,,NOUN,voltages,,
defend,dfn,,VERB,defends,defended,defending
anywhere,anhr,,ADV,,,
reality,raty,,NOUN,realities,,
remaining,remi,,VERB,remains,remained,remaining
adjust,ajt,,VERB,adjusts,adjusted,adjusting
shopping,shg,,NOUN,shoppings,,
fear,,,NOUN,fears,,
comic,comi,,NOUN,comics,,
cave,cave,,NOUN,caves,,
subsequently,sbn,,ADV,,,
present,,,NOUN,presents,,
bright,biht,,ADJ,,,
fourth,foh,,ADJ,,,
excite,exci,,VERB,excites,excited,exciting
waste,wate,,NOUN,wastes,,
leadership,leah,,NOUN,leaderships,,
territory,toy,,NOUN,territories,,
index,ix,,NOUN,indices,,
award,awrd,,VERB,awards,awarded,awarding
Japanese,jn,,ADJ,,,
soft,soft,,ADJ,,,
wine,wine,,NOUN,wines,,
composition,cost,,NOUN,compositions,,
pilot,plt,,NOUN,pilots,,
sheet,,,NOUN,sheets,,
range,,,VERB,ranges,ranged,ranging
dress,dres,,VERB,dresses,dressed,dressing
shoot,,,VERB,shoots,shot,shooting
sing,sing,,VERB,sings,sung,singing
eliminate,eliat,,VERB,eliminates,eliminated,eliminating
Sources,soce,,NOUN,Sourcess,,
expedition,extn,,NOUN,expeditions,,
prisoner,pine,,NOUN,prisoners,,
carefully,cfu,,ADV,,,
opening,oeg,,NOUN,openings,,
nearby,nery,,ADJ,,,
suitable,stab,,ADJ,,,
debate,dbt,,NOUN,debates,,
at,,,SCONJ,,,
blog,,,NOUN,blogs,,
afternoon,aftr,,NOUN,afternoons,,
accompany,acmn,,VERB,accompanies,accompanied,accompanying
injure,ije,,VERB,injures,injured,injuring
alcohol,acoh,,NOUN,alcohols,,
test,,,VERB,tests,tested,testing
flow,,,VERB,flows,flowed,flowing
hall,,,NOUN,halls,,
coffee,cofe,,NOUN,coffees,,
spirit,spirt,,NOUN,spirits,,
emission,emio,,NOUN,emissions,,
relative,riv,,ADJ,,,
creation,creat,,NOUN,creations,,
conclude,cnde,,VERB,concludes,concluded,concluding
portion,prtn,,NOUN,portions,,
enemy,enmy,,NOUN,enemies,,
earth,,,NOUN,earths,,
ingredient,iget,,NOUN,ingredients,,
lift,lft,,VERB,lifts,lifted,lifting
angle,angl,,NOUN,angles,,
tissue,tisue,,NOUN,tissues,,
description,dest,,NOUN,descriptions,,
album,abm,,NOUN,albums,,
match,,,VERB,matches,matched,matching
occupy,ouy,,VERB,occupies,occupied,occupying
constant,cosa,,ADJ,,,
beneficial,beia,,ADJ,,,
stick,,,NOUN,sticks,,
atmosphere,atmh,,NOUN,atmospheres,,
impossible,imb,,ADJ,,,
admit,,,VERB,admits,admitted,admitting
accurate,acue,,ADJ,,,
department,datn,,NOUN,departments,,
peak,peak,,NOUN,peaks,,
output,outp,,NOUN,outputs,,
regard,,,NOUN,regards,,
duty,dut,,NOUN,duties,,
sand,sand,,NOUN,sand,,
local,,,NOUN,locals,,
websites,wesi,,NOUN,websitess,,
colony,coln,,NOUN,colonies,,
skin,skn,,NOUN,skins,,
distribute,dsb,,VERB,distributes,distributed,distributing
satisfy,saty,,VERB,satisfies,satisfied,satisfying
pathway,phy,,NOUN,pathways,,
propose,,,ADJ,,,
advice,adve,,NOUN,advice,,
cable,cbe,,NOUN,cables,,
boundary,bon,,NOUN,boundaries,,
plate,plat,,NOUN,plates,,
residential,resit,,ADJ,,,
construct,cstu,,VERB,constructs,constructed,constructing
wild,wil,,ADJ,,,
proud,pod,,ADJ,,,
sex,sx,,NOUN,sexes,,
CHAPTER,cher,,NOUN,CHAPTERs,,
transfer,,,VERB,transfers,transferred,transferring
hundred,hun,,NOUN,hundreds,,
biography,boh,,NOUN,biographies,,
maximum,max,,ADJ,,,
recipe,rcip,,NOUN,recipes,,
celebrate,cbt,,VERB,celebrates,celebrated,celebrating
indicator,incr,,NOUN,indicators,,
valley,vey,,NOUN,valleys,,
climb,clm,,VERB,climbs,climbed,climbing
supporter,sote,,NOUN,supporters,,
closely,csey,,ADV,,,
frame,frme,,NOUN,frames,,
experimental,exra,,ADJ,,,
advance,,,NOUN,advances,,
afraid,arid,,ADJ,,,
block,,,VERB,blocks,blocked,blocking
illegal,ilg,,ADJ,,,
monitor,mnit,,VERB,monitors,monitored,monitoring
sector,sectr,,NOUN,sectors,,
click,,,VERB,clicks,clicked,clicking
separate,,,VERB,separates,separated,separating
assistance,asitc,,NOUN,assistances,,
thin,thin,,ADJ,,,
obviously,oul,,ADV,,,
circumstance,ciut,,NOUN,circumstances,,
entirely,etiy,,ADV,,,
scientific,sief,,ADJ,,,
castle,catle,,NOUN,castles,,
clothing,cthn,,NOUN,clothings,,
cut,,,NOUN,cuts,,
matrix,mtx,,NOUN,matrices,,
struck,srk,,VERB,strikes,struck,striking
qualify,,,VERB,qualifies,qualified,qualifying
hurt,hur,,VERB,hurts,hurt,hurting
plenty,pny,,NOUN,plenties,,
wash,wash,,VERB,washes,washed,washing
please,plea,,VERB,pleases,pleased,pleasing
neither,neih,,ADV,,,
yellow,yew,,ADJ,,,
progress,pgs,,NOUN,progress,,
accessible,acil,,ADJ,,,
argue,arue,,VERB,argues,argued,arguing
practice,,,VERB,practices,practiced,practicing
technical,tehna,,ADJ,,,
emerge,emrg,,VERB,emerges,emerged,emerging
prominent,prm,,ADJ,,,
mistake,mtk,,NOUN,mistakes,,
contract,cotr,,NOUN,contracts,,
framework,fk,,NOUN,frameworks,,
mode,,,NOUN,modes,,
lip,lip,,NOUN,lips,,
circle,,,NOUN,circles,,
partner,patne,,NOUN,partners,,
eastern,easrn,,ADJ,,,
upper,uper,,ADJ,,,
operator,oera,,NOUN,operators,,
professor,pfs,,NOUN,professors,,
thick,tik,,ADJ,,,
very,,,ADJ,,,
efficient,efct,,ADJ,,,
expansion,exas,,NOUN,expansions,,
fairly,fay,,ADV,,,
innovation,inva,,NOUN,innovations,,
typical,tyl,,ADJ,,,
prior,prio,,ADV,,,
mine,,,NOUN,ours,,
filter,fitr,,NOUN,filters,,
disorder,diso,,NOUN,disorders,,
enzyme,,,NOUN,enzymes,,
doubt,dou,,NOUN,doubts,,
craft,caft,,NOUN,crafts,,
coverage,crg,,NOUN,coverages,,
infrastructure,ifas,,NOUN,infrastructures,,
afterwards,afes,,ADV,,,
severe,svr,,ADJ,,,
priest,piest,,NOUN,priests,,
rice,,,NOUN,rice,,
fight,fiht,,VERB,fights,fought,fighting
apparently,aety,,ADV,,,
log,log,,NOUN,logs,,
1st,,,ADJ,,,
tape,,,NOUN,tapes,,
attribute,atib,,VERB,attributes,attributed,attributing
dress,,,NOUN,dresses,,
rebel,,,NOUN,rebels,,
imagine,img,,VERB,imagines,imagined,imagining
respect,,,VERB,respects,respected,respecting
sexual,sxa,,ADJ,,,
brand,bnd,,NOUN,brands,,
earn,,,VERB,earns,earned,earning
flat,flat,,ADJ,,,
painter,paite,,NOUN,painters,,
display,,,NOUN,displays,,
rule,,,VERB,rules,ruled,ruling
whole,,,NOUN,wholes,,
colour,cour,,NOUN,colours,,
slave,sav,,NOUN,slaves,,
fighting,fgh,,VERB,fights,fought,fighting
rare,,,ADJ,,,
usual,usal,,ADJ,,,
avd,,,NOUN,avds,,
transmission,tsmi,,NOUN,transmissions,,
cat,,,NOUN,cats,,
particle,ptic,,NOUN,particles,,
athlete,athl,,NOUN,athletes,,
maintenance,maite,,NOUN,maintenances,,
scientist,sciet,,NOUN,scientists,,
domestic,dsti,,ADJ,,,
reportedly,roty,,ADV,,,
fault,fau,,NOUN,faults,,
primarily,pima,,ADV,,,
promise,pom,,VERB,promises,promised,promising
stable,stbe,,ADJ,,,
knife,kie,,NOUN,knives,,
instrument,ium,,NOUN,instruments,,
effectively,ectv,,ADV,,,
abuse,abu,,NOUN,abuses,,
regime,rgm,,NOUN,regimes,,
tie,,,VERB,ties,tied,tying
nomination,noma,,NOUN,nominations,,
invest,inve,,VERB,invests,invested,investing
extensive,exts,,ADJ,,,
criterion,crite,,NOUN,criteria,,
less,,,ADJ,,,
alternative,,,ADJ,,,
Indian,,,ADJ,,,
hate,,,VERB,hates,hated,hating
comment,,,VERB,comments,commented,commenting
storm,stom,,NOUN,storms,,
damage,,,VERB,damages,damaged,damaging
classification,clit,,NOUN,classifications,,
storage,stge,,NOUN,storages,,
command,cand,,NOUN,commands,,
highway,hiy,,NOUN,highways,,
radio,rado,,NOUN,radios,,
tall,,,ADJ,,,
correlation,coea,,NOUN,correlations,,
strain,stran,,NOUN,strains,,
human,,,NOUN,humen,,
tank,tnk,,NOUN,tanks,,
east,,,ADV,,,
long-term,lgt,,NOUN,long-terms,,
guest,gue,,NOUN,guests,,
equal,eual,,ADJ,,,
limitation,lito,,NOUN,limitations,,
resolve,rov,,VERB,resolves,resolved,resolving
beauty,bey,,NOUN,beauties,,
depth,deth,,NOUN,depths,,
solar,soar,,NOUN,solars,,
disaster,disae,,NOUN,disasters,,
shoulder,shue,,NOUN,shoulders,,
creature,crau,,NOUN,creatures,,
editor,eior,,NOUN,editors,,
sufficient,suen,,ADJ,,,
sustainability,sutn,,NOUN,sustainabilities,,
credit,cdit,,NOUN,credits,,
profit,pof,,NOUN,profits,,
diverse,dvs,,ADJ,,,
fink,fik,,VERB,finks,finked,finking
victory,vty,,NOUN,victories,,
while,,,NOUN,whiles,,
